0,"{'names': ['1&1 Drillisch AG', '1&1 Drillisch AG Inhaber-Aktien', '1&1 Drillisch AG'], 'symbols': ['DRI.DEX', 'DRI.STG', 'DRI.FRK'], 'regions': ['XETRA', 'Stuttgart', 'Frankfurt'], 'currencies': ['EUR', 'EUR', 'EUR']}"
1,"{'names': ['AAR Corp.', ""Aaron's Inc."", 'Hartford AARP Balanced Retirement Fund Class A'], 'symbols': ['AIR', 'AAN', 'HAFAX'], 'regions': ['United States', 'United States', 'United States'], 'currencies': ['USD', 'USD', 'USD']}"
2,"{'names': ['Activision Blizzard Inc.', 'Activision Blizzard Inc.', 'Activision Blizzard Inc.'], 'symbols': ['ATVI', 'AIY.FRK', 'ATVI.MEX'], 'regions': ['United States', 'Frankfurt', 'Mexico'], 'currencies': ['USD', 'EUR', 'MXP']}"
3,"{'names': ['adidas AG', 'adidas AG', 'adidas AG'], 'symbols': ['ADDYY', 'ADDDF', 'ADS.DEX'], 'regions': ['United States', 'United States', 'XETRA'], 'currencies': ['USD', 'USD', 'EUR']}"
4,"{'names': ['ADLER', 'Adler Value Fund Institutional Class', 'ADLER Real Estate AG'], 'symbols': ['ES0105984001.MDR', 'ADLVX', 'ADL.DEX'], 'regions': ['Madrid', 'United States', 'XETRA'], 'currencies': ['EUR', 'USD', 'EUR']}"
5,"{'names': ['Intel Corporation', 'Intelsat S.A.', 'IntelGenx Technologies Corp.'], 'symbols': ['INTC', 'I', 'IGXT'], 'regions': ['United States', 'United States', 'United States'], 'currencies': ['USD', 'USD', 'USD']}"
6,"{'names': ['Agilent Technologies Inc.', 'AGILENT TECHS INC. DL-,01', 'AGILENT TECHS INC. DL-,01'], 'symbols': ['A', 'AG8.HAM', 'AG8.BER'], 'regions': ['United States', 'Hamburg', 'Berlin'], 'currencies': ['USD', 'EUR', 'EUR']}"
7,"{'names': ['Air T Inc.', 'Air T Inc.', 'Air T Inc.'], 'symbols': ['AIRT', 'AIRTW', 'AIRTP'], 'regions': ['United States', 'United States', 'United States'], 'currencies': ['USD', 'USD', 'USD']}"
8,"{'names': ['Air T Inc.', 'Air T Inc.', 'Air T Inc.'], 'symbols': ['AIRT', 'AIRTW', 'AIRTP'], 'regions': ['United States', 'United States', 'United States'], 'currencies': ['USD', 'USD', 'USD']}"
9,"{'names': ['AIRBUS', 'Airbus SE', 'Airbus SE'], 'symbols': ['AIR.BER', 'EADSY', 'EADSF'], 'regions': ['Berlin', 'United States', 'United States'], 'currencies': ['EUR', 'USD', 'USD']}"
10,"{'names': ['Alibaba Group Holding Limited', 'Alibaba Group Holding Limited', 'Alibaba Health Information Technology Limited'], 'symbols': ['BABA', 'BABAF', 'ALBHF'], 'regions': ['United States', 'United States', 'United States'], 'currencies': ['USD', 'USD', 'USD']}"
11,"{'names': ['AllianzGI Convertible & Income Fund', 'AllianzGI Convertible & Income Fund II', 'AllianzGI Artificial Intelligence Opportunities Fund'], 'symbols': ['NCV', 'NCZ', 'AIO'], 'regions': ['United States', 'United States', 'United States'], 'currencies': ['USD', 'USD', 'USD']}"
12,"{'names': ['Alphabet Inc.', 'Alphabet Inc.', 'Alphabet Inc.'], 'symbols': ['GOOG', 'GOOGL', 'GOOGL.ARG'], 'regions': ['United States', 'United States', 'Argentina'], 'currencies': ['USD', 'USD', 'ARS']}"
13,"{'names': ['Amazon.com Inc.', 'Amazonas Florestal Ltd.', 'Amazon.com Inc.'], 'symbols': ['AMZN', 'AZFL', 'AMZN.ARG'], 'regions': ['United States', 'United States', 'Argentina'], 'currencies': ['USD', 'USD', 'ARS']}"
14,"{'names': ['American Airlines Group Inc.', 'American Express Company', 'Plains All American Pipeline, L.P.'], 'symbols': ['AAL', 'AXP', 'PAA'], 'regions': ['United States', 'United States', 'United States'], 'currencies': ['USD', 'USD', 'USD']}"
15,"{'names': ['Apple Inc.', 'Apple Hospitality REIT Inc.', 'Apple Rush Company Inc.'], 'symbols': ['AAPL', 'APLE', 'APRU'], 'regions': ['United States', 'United States', 'United States'], 'currencies': ['USD', 'USD', 'USD']}"
16,"{'names': ['Astronics Corporation', 'Astronics Corporation', 'Astronics Corporation'], 'symbols': ['ATRO', 'ATROB', 'AC1.FRK'], 'regions': ['United States', 'United States', 'Frankfurt'], 'currencies': ['USD', 'USD', 'EUR']}"
17,"{'names': ['Atlantic Power Corporation', 'AT&T Inc.', 'Athersys Inc.'], 'symbols': ['AT', 'T', 'ATHX'], 'regions': ['United States', 'United States', 'United States'], 'currencies': ['USD', 'USD', 'USD']}"
18,"{'names': ['Atlantic Power Corporation', 'AT&T Inc.', 'Athersys Inc.'], 'symbols': ['AT', 'T', 'ATHX'], 'regions': ['United States', 'United States', 'United States'], 'currencies': ['USD', 'USD', 'USD']}"
19,"{'names': ['Ballard Power Systems Inc.', 'Ballard Power Systems Inc.', 'Ballard Power Systems Inc.'], 'symbols': ['BLDP', 'BLDP.TRT', 'PO0.FRK'], 'regions': ['United States', 'Toronto', 'Frankfurt'], 'currencies': ['USD', 'CAD', 'EUR']}"
20,"{'names': ['BASF SE', 'BASF SE', 'BMO Short Tax-Free Fund Class A'], 'symbols': ['BASFY', 'BFFAF', 'BASFX'], 'regions': ['United States', 'United States', 'United States'], 'currencies': ['USD', 'USD', 'USD']}"
21,"{'names': ['Bayer Aktiengesellschaft', 'Bayerische Motoren Werke AG', 'Bayer Aktiengesellschaft'], 'symbols': ['BAYRY', 'BMWYY', 'BAYZF'], 'regions': ['United States', 'United States', 'United States'], 'currencies': ['USD', 'USD', 'USD']}"
22,"{'names': ['Beiersdorf Aktiengesellschaft', 'Beiersdorf Aktiengesellschaft', 'Beiersdorf Aktiengesellschaft'], 'symbols': ['BDRFY', 'BDRFF', 'BEI.DEX'], 'regions': ['United States', 'United States', 'XETRA'], 'currencies': ['USD', 'USD', 'EUR']}"
23,"{'names': ['BHP Group', 'BHP Group', 'BHP Group'], 'symbols': ['BHP', 'BBL', 'BHPLF'], 'regions': ['United States', 'United States', 'United States'], 'currencies': ['USD', 'USD', 'USD']}"
24,"{'names': ['Bayerische Motoren Werke AG', 'Bayerische Motoren Werke AG', 'Bayerische Motoren Werke AG'], 'symbols': ['BMWYY', 'BMW.DEX', 'BMW3.DEX'], 'regions': ['United States', 'XETRA', 'XETRA'], 'currencies': ['USD', 'EUR', 'EUR']}"
25,"{'names': ['The Boeing Company', 'The Boeing Company', 'The Boeing Company'], 'symbols': ['BA', 'BA.ARG', 'BCO.DEX'], 'regions': ['United States', 'Argentina', 'XETRA'], 'currencies': ['USD', 'ARS', 'EUR']}"
26,"{'names': ['Booking Holdings Inc.', 'Booking Holdings Inc.', 'BOOKING HLDGS  DL-,008'], 'symbols': ['BKNG', 'PCE1.FRK', 'PCE1.DEX'], 'regions': ['United States', 'Frankfurt', 'XETRA'], 'currencies': ['USD', 'EUR', 'EUR']}"
27,"{'names': ['Bridgestone Corporation', 'Bridgestone Corporation', 'Bridgestone Corporation'], 'symbols': ['BRDCY', 'BRDCF', '5108.TOK'], 'regions': ['United States', 'United States', 'Tokyo'], 'currencies': ['USD', 'USD', 'JPY']}"
28,"{'names': ['The Carlyle Group Inc.', 'Carlisle Companies Incorporated', 'Carlsberg A/S'], 'symbols': ['CG', 'CSL', 'CABGY'], 'regions': ['United States', 'United States', 'United States'], 'currencies': ['USD', 'USD', 'USD']}"
29,"{'names': ['Carnival Corp. Paired Ctf(1Sh.C', 'Carnival Corporation & Plc', 'Carnival Corporation & Plc'], 'symbols': ['CVC1.STG', 'CCL', 'CUK'], 'regions': ['Stuttgart', 'United States', 'United States'], 'currencies': ['EUR', 'USD', 'USD']}"
30,"{'names': ['Coeur Mining Inc.', 'Cedar Realty Trust Inc.', 'ChromaDex Corporation'], 'symbols': ['CDE', 'CDR', 'CDXC'], 'regions': ['United States', 'United States', 'United States'], 'currencies': ['USD', 'USD', 'USD']}"
31,"{'names': ['Chevron Corporation', 'Chevron Corporation', 'Chevron Corporation'], 'symbols': ['CVX', 'CHV.DEX', 'CHVX34.SAO'], 'regions': ['United States', 'XETRA', 'Brazil/Sao Paolo'], 'currencies': ['USD', 'EUR', 'BRL']}"
32,"{'names': ['China Holdings Real Estate IncR', 'China Liberal Education Holdings Limited', 'Direxion Daily FTSE China Bull 3X Shares'], 'symbols': ['29R.STG', 'CLEU', 'YINN'], 'regions': ['Stuttgart', 'United States', 'United States'], 'currencies': ['EUR', 'USD', 'USD']}"
33,"{'names': ['Citigroup Inc.', 'Citigroup Capital XIII TR PFD SECS', 'Citigroup Inc.'], 'symbols': ['C', 'C-PN', 'C-PS'], 'regions': ['United States', 'United States', 'United States'], 'currencies': ['USD', 'USD', 'USD']}"
34,"{'names': ['CLARIANT AG Namens-Aktien SF 3,', 'Clariant AG', 'Clariant AG'], 'symbols': ['CLRN.STG', 'CLZNY', 'CLZNF'], 'regions': ['Stuttgart', 'United States', 'United States'], 'currencies': ['EUR', 'USD', 'USD']}"
35,"{'names': ['The Coca-Cola Company', 'Coca-Cola Consolidated Inc.', 'Coca-Cola European Partners plc'], 'symbols': ['KO', 'COKE', 'CCEP'], 'regions': ['United States', 'United States', 'United States'], 'currencies': ['USD', 'USD', 'USD']}"
36,"{'names': ['Columbia Sportswear Company', 'Columbia Property Trust Inc.', 'Columbia Seligman Premium Technology Growth Fund'], 'symbols': ['COLM', 'CXP', 'STK'], 'regions': ['United States', 'United States', 'United States'], 'currencies': ['USD', 'USD', 'USD']}"
37,"{'names': ['Continental Aktiengesellschaft', 'Continental Resources Inc.', 'Continental Materials Corporation'], 'symbols': ['CTTAY', 'CLR', 'CUO'], 'regions': ['United States', 'United States', 'United States'], 'currencies': ['USD', 'USD', 'USD']}"
38,"{'names': ['COVESTRO AG  O.N.', 'Covestro AG', 'Covestro AG'], 'symbols': ['1COV.DUS', 'COVTY', 'CVVTF'], 'regions': ['Dusseldorf', 'United States', 'United States'], 'currencies': ['EUR', 'USD', 'USD']}"
39,"{'names': ['CrowdStrike Holdings Inc.', 'CrowdStrike Holdings Inc.', 'CROWDSTRIKE HLD. DL-,0005'], 'symbols': ['CRWD', '45C.FRK', '45C.MUN'], 'regions': ['United States', 'Frankfurt', 'Munich'], 'currencies': ['USD', 'EUR', 'EUR']}"
40,"{'names': ['Daimler AG', 'Daimler AG', 'Daimler AG'], 'symbols': ['DDAIF', 'DMLRY', 'DAI.DEX'], 'regions': ['United States', 'United States', 'XETRA'], 'currencies': ['USD', 'USD', 'EUR']}"
42,"{'names': ['Delta Air Lines Inc.', 'Delta Apparel Inc.', 'Delta 9 Cannabis Inc.'], 'symbols': ['DAL', 'DLA', 'VRNDF'], 'regions': ['United States', 'United States', 'United States'], 'currencies': ['USD', 'USD', 'USD']}"
43,"{'names': ['Deutsche Bank Aktiengesellschaft', 'Deutsche Lufthansa AG', 'Deutsche Telekom AG'], 'symbols': ['DB', 'DLAKY', 'DTEGY'], 'regions': ['United States', 'United States', 'United States'], 'currencies': ['USD', 'USD', 'USD']}"
44,"{'names': ['Deutsche Bank Aktiengesellschaft', 'Deutsche Lufthansa AG', 'Deutsche Telekom AG'], 'symbols': ['DB', 'DLAKY', 'DTEGY'], 'regions': ['United States', 'United States', 'United States'], 'currencies': ['USD', 'USD', 'USD']}"
45,"{'names': ['Deutsche Bank Aktiengesellschaft', 'Deutsche Lufthansa AG', 'Deutsche Telekom AG'], 'symbols': ['DB', 'DLAKY', 'DTEGY'], 'regions': ['United States', 'United States', 'United States'], 'currencies': ['USD', 'USD', 'USD']}"
46,"{'names': ['Deutsche Bank Aktiengesellschaft', 'Deutsche Lufthansa AG', 'Deutsche Telekom AG'], 'symbols': ['DB', 'DLAKY', 'DTEGY'], 'regions': ['United States', 'United States', 'United States'], 'currencies': ['USD', 'USD', 'USD']}"
47,"{'names': ['Deutsche Bank Aktiengesellschaft', 'Deutsche Lufthansa AG', 'Deutsche Telekom AG'], 'symbols': ['DB', 'DLAKY', 'DTEGY'], 'regions': ['United States', 'United States', 'United States'], 'currencies': ['USD', 'USD', 'USD']}"
48,"{'names': ['DIALOG', 'Dialog Semiconductor Plc', 'Dialog Semiconductor Plc'], 'symbols': ['DIAL.KLA', 'DLGNF', 'DLG.DEX'], 'regions': ['Malaysia', 'United States', 'XETRA'], 'currencies': ['MYR', 'USD', 'EUR']}"
49,"{'names': ['Christian Dior SE', 'Christian Dior SE', 'FaithShares Christian Values ET'], 'symbols': ['CHDRY', 'CHDRF', 'FOC'], 'regions': ['United States', 'United States', 'United States'], 'currencies': ['USD', 'USD', 'USD']}"
50,"{'names': ['DOMINOS PIZZA INC. DL-,01', 'Dominos Pizza Inc. Registered S', 'Dominos Pizza Enterprises LtdRe'], 'symbols': ['EZV.MUN', 'EZV.STG', 'HQX.STG'], 'regions': ['Munich', 'Stuttgart', 'Stuttgart'], 'currencies': ['EUR', 'EUR', 'EUR']}"
51,"{'names': ['BNY Mellon Strategic Municipal Bond Fund Inc.', 'Koninklijke DSM N.V.', 'Koninklijke DSM N.V.'], 'symbols': ['DSM', 'RDSMY', 'KDSKF'], 'regions': ['United States', 'United States', 'United States'], 'currencies': ['USD', 'USD', 'USD']}"
52,"{'names': ['E.ON SE', 'Dongguan Eontec Co. Ltd.', 'Eonmetall Group Bhd'], 'symbols': ['EONGY', '300328.SHZ', '7217.KLA'], 'regions': ['United States', 'Shenzhen', 'Malaysia'], 'currencies': ['USD', 'CNY', 'MYR']}"
53,"{'names': ['eBay Inc.', 'eBay Inc. NT 56', 'eBay Inc.'], 'symbols': ['EBAY', 'EBAYL', 'EBAY.MEX'], 'regions': ['United States', 'United States', 'Mexico'], 'currencies': ['USD', 'USD', 'MXP']}"
54,"{'names': ['Electronic Arts Inc.', 'RADA Electronic Industries Ltd.', 'Kimball Electronics Inc.'], 'symbols': ['EA', 'RADA', 'KE'], 'regions': ['United States', 'United States', 'United States'], 'currencies': ['USD', 'USD', 'USD']}"
55,"{'names': ['EnBW Energie Baden-Wurttemberg AG', 'EnBW Energie Baden-Wurttemberg AG', 'ENBW INTL FIN. 14/26 MTN'], 'symbols': ['EBK.DEX', 'EBK.FRK', 'XS107420827.HAM'], 'regions': ['XETRA', 'Frankfurt', 'Hamburg'], 'currencies': ['EUR', 'EUR', 'EUR']}"
56,"{'names': ['Enel Americas S.A.', 'Enel Chile S.A.', 'Enel SpA'], 'symbols': ['ENIA', 'ENIC', 'ENLAY'], 'regions': ['United States', 'United States', 'United States'], 'currencies': ['USD', 'USD', 'USD']}"
57,"{'names': ['ENGIE SA', 'ENGIE SA', 'Engie Brasil Energia S.A.'], 'symbols': ['ENGIY', 'ENGQF', 'EGIEY'], 'regions': ['United States', 'United States', 'United States'], 'currencies': ['USD', 'USD', 'USD']}"
58,"{'names': ['Eni S.p.A.', 'Enel Americas S.A.', 'Enel Chile S.A.'], 'symbols': ['E', 'ENIA', 'ENIC'], 'regions': ['United States', 'United States', 'United States'], 'currencies': ['USD', 'USD', 'USD']}"
59,"{'names': ['Evoqua Water Technologies Corp.', 'Evoqua Water Technologies Corp.', 'Evoqua Water Technologies CorpR'], 'symbols': ['AQUA', 'E0W.FRK', 'E0W.STG'], 'regions': ['United States', 'Frankfurt', 'Stuttgart'], 'currencies': ['USD', 'EUR', 'EUR']}"
61,"{'names': ['Facebook Inc.', 'Facebook Inc.', 'Facebook Inc.'], 'symbols': ['FB', 'FB2A.DEX', 'FB.MEX'], 'regions': ['United States', 'XETRA', 'Mexico'], 'currencies': ['USD', 'EUR', 'MXP']}"
62,"{'names': ['FedEx Corporation', 'FedEx Corporation', 'FedEx Corporation'], 'symbols': ['FDX', 'FDX.ARG', 'FDX.FRK'], 'regions': ['United States', 'Argentina', 'Frankfurt'], 'currencies': ['USD', 'ARS', 'EUR']}"
63,"{'names': ['Five9 Inc.', 'FIVE9 INC.  DL-,01', 'Five9 Inc. Registered Shares DL'], 'symbols': ['FIVN', '1F9.BER', '1F9.STG'], 'regions': ['United States', 'Berlin', 'Stuttgart'], 'currencies': ['USD', 'EUR', 'EUR']}"
64,"{'names': ['Forward Industries Inc.', 'Ford Motor Company', 'Ford Motor Company 6.20% Notes '], 'symbols': ['FORD', 'F', 'F-PB'], 'regions': ['United States', 'United States', 'United States'], 'currencies': ['USD', 'USD', 'USD']}"
65,"{'names': ['Fresenius Medical Care AG & Co. KGaA', 'Fresenius SE & Co. KGaA', 'Fresenius SE & Co. KGaA'], 'symbols': ['FMS', 'FSNUY', 'FSNUF'], 'regions': ['United States', 'United States', 'United States'], 'currencies': ['USD', 'USD', 'USD']}"
66,"{'names': ['Fresenius Medical Care AG & Co. KGaA', 'Fresenius SE & Co. KGaA', 'Fresenius SE & Co. KGaA'], 'symbols': ['FMS', 'FSNUY', 'FSNUF'], 'regions': ['United States', 'United States', 'United States'], 'currencies': ['USD', 'USD', 'USD']}"
67,"{'names': ['Guinness Atkinson Global Energy Fund', 'Goldman Sachs Emerging Markets Equity Insights Fund Class P', 'GuideStone Funds Aggressive Allocation Fund Institutional Class'], 'symbols': ['GAGEX', 'GAGPX', 'GAGYX'], 'regions': ['United States', 'United States', 'United States'], 'currencies': ['USD', 'USD', 'USD']}"
68,"{'names': ['General Electric Company', 'General Motors Company', 'General Mills Inc.'], 'symbols': ['GE', 'GM', 'GIS'], 'regions': ['United States', 'United States', 'United States'], 'currencies': ['USD', 'USD', 'USD']}"
69,"{'names': ['Glencore plc', 'Glencore plc', 'Glencore plc'], 'symbols': ['GLNCY', 'GLCNF', '8GC.FRK'], 'regions': ['United States', 'United States', 'Frankfurt'], 'currencies': ['USD', 'USD', 'EUR']}"
70,"{'names': ['The Goodyear Tire & Rubber Company', 'PT Goodyear Indonesia Tbk', 'GOODYEAR TIRE & RUBBER CO.,THER'], 'symbols': ['GT', 'GDYR.JKT', 'GTR.STG'], 'regions': ['United States', 'Jakarta', 'Stuttgart'], 'currencies': ['USD', 'IDR', 'EUR']}"
71,"{'names': ['Hannover House Inc.', 'Hannover Ruck SE', 'Hannover Ruck SE'], 'symbols': ['HHSE', 'HVRRF', 'HVRRY'], 'regions': ['United States', 'United States', 'United States'], 'currencies': ['USD', 'USD', 'USD']}"
72,"{'names': ['HEIDELBERGCEMENT AG O.N.', 'HeidelbergCement AG', 'HeidelbergCement AG'], 'symbols': ['HEI.BER', 'HDELY', 'HLBZF'], 'regions': ['Berlin', 'United States', 'United States'], 'currencies': ['EUR', 'USD', 'USD']}"
73,"{'names': ['Henkel AG & Co. KGaA', 'Henkel AG & Co. KGaA', 'Henkel AG & Co. KGaA'], 'symbols': ['HENKY', 'HENOY', 'HELKF'], 'regions': ['United States', 'United States', 'United States'], 'currencies': ['USD', 'USD', 'USD']}"
75,"{'names': ['Hugoton Royalty Trust', 'Hugo Boss AG', 'HUGO BOSS AG'], 'symbols': ['HGTXU', 'BOSSY', 'HUGPF'], 'regions': ['United States', 'United States', 'United States'], 'currencies': ['USD', 'USD', 'USD']}"
76,"{'names': ['International Business Machines Corporation', 'iShares iBonds Dec 2024 Term Muni Bond ETF', 'iShares iBonds Dec 2022 Term Muni Bond ETF'], 'symbols': ['IBM', 'IBMM', 'IBMK'], 'regions': ['United States', 'United States', 'United States'], 'currencies': ['USD', 'USD', 'USD']}"
77,"{'names': ['Infineon Technologies AG', 'Infineon Technologies AG', 'Infineon Technologies AG'], 'symbols': ['IFNNY', 'IFNNF', 'IFX.DEX'], 'regions': ['United States', 'United States', 'XETRA'], 'currencies': ['USD', 'USD', 'EUR']}"
78,"{'names': ['Intuitive Surgical Inc.', 'Intuitive Surgical Inc.', 'Intuitive Surgical Inc. Registe'], 'symbols': ['ISRG', 'ISRG.MEX', 'IUI1.STG'], 'regions': ['United States', 'Mexico', 'Stuttgart'], 'currencies': ['USD', 'MXP', 'EUR']}"
79,"{'names': ['VanEck Vectors AMT-Free Intermediate Municipal Index ETF', 'Itamar Medical Ltd.', 'ITM Power Plc'], 'symbols': ['ITM', 'ITMR', 'ITMPF'], 'regions': ['United States', 'United States', 'United States'], 'currencies': ['USD', 'USD', 'USD']}"
80,"{'names': ['Johnson & Johnson', 'Johnson Controls International plc', 'Johnson Outdoors Inc.'], 'symbols': ['JNJ', 'JCI', 'JOUT'], 'regions': ['United States', 'United States', 'United States'], 'currencies': ['USD', 'USD', 'USD']}"
81,"{'names': ['JPMorgan Chase & Co.', 'JPMorgan Ultra-Short Income ETF', 'JPMorgan Alerian MLP Index ETN'], 'symbols': ['JPM', 'JPST', 'AMJ'], 'regions': ['United States', 'United States', 'United States'], 'currencies': ['USD', 'USD', 'USD']}"
82,"{'names': ['KION GROUP AG', 'KION GROUP AG', 'KION GROUP AG'], 'symbols': ['KIGRY', 'KNNGF', 'KGX.DEX'], 'regions': ['United States', 'United States', 'XETRA'], 'currencies': ['USD', 'USD', 'EUR']}"
83,"{'names': ['Air T Inc.', 'Air T Inc.', 'Air T Inc.'], 'symbols': ['AIRT', 'AIRTW', 'AIRTP'], 'regions': ['United States', 'United States', 'United States'], 'currencies': ['USD', 'USD', 'USD']}"
87,"{'names': ['Jones Lang LaSalle Incorporated', 'Jones Lang LaSalle Income Property Trust Inc.', 'Jones Lang LaSalle Income Property Trust Inc.'], 'symbols': ['JLL', 'ZIPTAX', 'ZIPTMX'], 'regions': ['United States', 'United States', 'United States'], 'currencies': ['USD', 'USD', 'USD']}"
89,"{'names': ['Lindsay Corporation', 'LINDSAY AUSTRALIA LTD', 'Lindsay Corporation'], 'symbols': ['LNN', 'J3B.BER', 'LMF.FRK'], 'regions': ['United States', 'Berlin', 'Frankfurt'], 'currencies': ['USD', 'EUR', 'EUR']}"
90,"{'names': ['Lockheed Martin Corporation', 'Lockheed Martin Corporation', 'Lockheed Martin Corporation'], 'symbols': ['LMT', 'LMT.ARG', 'LMTB34.SAO'], 'regions': ['United States', 'Argentina', 'Brazil/Sao Paolo'], 'currencies': ['USD', 'ARS', 'BRL']}"
91,"{'names': ['London Stock Exchange Group plc', 'American Beacon The London Company Income Equity Fund R5 Class', 'American Beacon The London Company Income Equity Fund Y Class'], 'symbols': ['LNSTY', 'ABCIX', 'ABCYX'], 'regions': ['United States', 'United States', 'United States'], 'currencies': ['USD', 'USD', 'USD']}"
92,"{'names': ['LUFTHANSA AG VNA O.N.', 'Deutsche Lufthansa AG', 'Deutsche Lufthansa AG'], 'symbols': ['LHA.BER', 'DLAKY', 'DLAKF'], 'regions': ['Berlin', 'United States', 'United States'], 'currencies': ['EUR', 'USD', 'USD']}"
93,"{'names': ['LVMH Moet Hennessy - Louis Vuitton, Societe Europeenne', 'LVMH Moet Hennessy - Louis Vuitton, Societe Europeenne', 'LVMH Moet Hennessy - Louis Vuitton, Societe Europeenne'], 'symbols': ['LVMUY', 'LVMHF', 'MC.PAR'], 'regions': ['United States', 'United States', 'Paris'], 'currencies': ['USD', 'USD', 'EUR']}"
94,"{'names': ['Mastercard Incorporated', 'Mastercard Incorporated', 'Mastercard Incorporated'], 'symbols': ['MA', 'M4I.DEX', 'M4I.FRK'], 'regions': ['United States', 'XETRA', 'Frankfurt'], 'currencies': ['USD', 'EUR', 'EUR']}"
95,"{'names': ['MCDONALDS CORP.  DL-,01', 'MCDONALDS CORP.  DL-,01', 'MCDONALDS CORP.  DL-,01'], 'symbols': ['MDO.BER', 'MDO.MUN', 'MDO.HAN'], 'regions': ['Berlin', 'Munich', 'Hanover'], 'currencies': ['EUR', 'EUR', 'EUR']}"
96,"{'names': ['Merck & Co. Inc.', 'MERCK Kommanditgesellschaft auf Aktien', 'MERCK Kommanditgesellschaft auf Aktien'], 'symbols': ['MRK', 'MKKGY', 'MKGAF'], 'regions': ['United States', 'United States', 'United States'], 'currencies': ['USD', 'USD', 'USD']}"
97,"{'names': ['Compagnie Generale des Etablissements Michelin Societe en commandite par actions', 'Compagnie Generale des Etablissements Michelin Societe en commandite par actions', 'Compagnie Generale des Etablissements Michelin Societe en commandite par actions'], 'symbols': ['MGDDY', 'MGDDF', 'ML.PAR'], 'regions': ['United States', 'United States', 'Paris'], 'currencies': ['USD', 'USD', 'EUR']}"
98,"{'names': ['Microsoft Corporation', 'Microsoft Corporation', 'Microsoft Corporation'], 'symbols': ['MSFT', 'MSFT.ARG', 'MSF.DEX'], 'regions': ['United States', 'Argentina', 'XETRA'], 'currencies': ['USD', 'ARS', 'EUR']}"
99,"{'names': ['Maui Land & Pineapple Company Inc.', 'Alerian MLP ETF', 'InfraCap MLP ETF'], 'symbols': ['MLP', 'AMLP', 'AMZA'], 'regions': ['United States', 'United States', 'United States'], 'currencies': ['USD', 'USD', 'USD']}"
100,"{'names': ['iShares Edge MSCI USA Momentum Factor ETF', 'MTU Aero Engines AG', 'Manning & Napier Target 2045 Series Class R'], 'symbols': ['MTUM', 'MTUAY', 'MTURX'], 'regions': ['United States', 'United States', 'United States'], 'currencies': ['USD', 'USD', 'USD']}"
101,"{'names': ['Munich Re Placement', 'FUNDO DE INVESTIMENTO EXCLUSIVO RENDA FIXA MUNICH RE DO BRASIL', 'FUNDO DE INVESTIMENTO EXCLUSIVO RENDA FIXA MUNICH RE DO BRASIL'], 'symbols': ['0P00000V9I.FRK', 'HSBCMUNICHRE.SAO', 'F00000N98F.SAO'], 'regions': ['Frankfurt', 'Brazil/Sao Paolo', 'Brazil/Sao Paolo'], 'currencies': ['EUR', 'BRL', 'BRL']}"
102,"{'names': ['Nasdaq Inc.', 'iShares Nasdaq Biotechnology ETF', 'Global X NASDAQ 100 Covered Call ETF'], 'symbols': ['NDAQ', 'IBB', 'QYLD'], 'regions': ['United States', 'United States', 'United States'], 'currencies': ['USD', 'USD', 'USD']}"
103,"{'names': ['Nelnet Inc.', 'NEL ASA', 'Loomis Sayles Limited Term Government and Agency Fund Class Y'], 'symbols': ['NNI', 'NLLSF', 'NELYX'], 'regions': ['United States', 'United States', 'United States'], 'currencies': ['USD', 'USD', 'USD']}"
104,"{'names': ['NESTLE', 'Nestle S.A.', 'Nestle S.A.'], 'symbols': ['NESM.KLA', 'NSRGY', 'NSRGF'], 'regions': ['Malaysia', 'United States', 'United States'], 'currencies': ['MYR', 'USD', 'USD']}"
105,"{'names': ['Netflix Inc.', 'Netflix Inc.', 'Netflix Inc.'], 'symbols': ['NFLX', 'NFLX.MEX', 'NFC.DEX'], 'regions': ['United States', 'Mexico', 'XETRA'], 'currencies': ['USD', 'MXP', 'EUR']}"
106,"{'names': ['NIKE Inc.', 'NIKE Inc.', 'NIKE Inc.'], 'symbols': ['NKE', 'NKE.DEX', 'NKE.ARG'], 'regions': ['United States', 'XETRA', 'Argentina'], 'currencies': ['USD', 'EUR', 'ARS']}"
107,"{'names': ['Nikola Corporation', 'Nikola Corporation', 'Nikola Corporation'], 'symbols': ['NKLAW', 'NKLA', '8NI.FRK'], 'regions': ['United States', 'United States', 'Frankfurt'], 'currencies': ['USD', 'USD', 'EUR']}"
108,"{'names': ['Nokia Corporation', 'Nokia Corporation', 'Nokian Renkaat Oyj'], 'symbols': ['NOK', 'NOKBF', 'NKRKY'], 'regions': ['United States', 'United States', 'United States'], 'currencies': ['USD', 'USD', 'USD']}"
109,"{'names': ['Northrop Grumman Corporation', 'Northrop Grumman Corporation', 'NORTHROP GRUMMAN DL 1'], 'symbols': ['NOC', 'NOCO.VIE', 'NTH.MUN'], 'regions': ['United States', 'Vienna', 'Munich'], 'currencies': ['USD', 'EUR', 'EUR']}"
110,"{'names': ['NVIDIA Corporation', 'NVIDIA Corporation', 'NVIDIA Corporation'], 'symbols': ['NVDA', 'NVDA.MEX', 'NVD.DEX'], 'regions': ['United States', 'Mexico', 'XETRA'], 'currencies': ['USD', 'MXP', 'EUR']}"
111,"{'names': ['Old Harbor Bank', 'OHB SE', 'OHB SE  O.N.'], 'symbols': ['OHBK', 'OHB.DEX', 'OHB.DUS'], 'regions': ['United States', 'XETRA', 'Dusseldorf'], 'currencies': ['USD', 'EUR', 'EUR']}"
112,"{'names': ['Oracle Corporation', 'Oracle Healthcare Acquisition Corp.', 'Oracle Corporation Japan'], 'symbols': ['ORCL', 'OHAQ', 'OCLCF'], 'regions': ['United States', 'United States', 'United States'], 'currencies': ['USD', 'USD', 'USD']}"
113,"{'names': ['PayPal Holdings Inc. Reg. Share', 'PayPal Holdings Inc.', 'PayPal Holdings Inc.'], 'symbols': ['2PP.STG', 'PYPL', '2PP.DEX'], 'regions': ['Stuttgart', 'United States', 'XETRA'], 'currencies': ['EUR', 'USD', 'EUR']}"
114,"{'names': ['The Procter & Gamble Company', 'Strats Trust For Procter & Gambel Security CTF 2006-1', 'The Procter & Gamble Company'], 'symbols': ['PG', 'GJR', 'PG.ARG'], 'regions': ['United States', 'United States', 'Argentina'], 'currencies': ['USD', 'USD', 'ARS']}"
116,"{'names': ['Prudential plc', 'Prudential Financial Inc.', 'Prudential Financial Inc. JR SUB NT 53'], 'symbols': ['PUK', 'PRU', 'PRH'], 'regions': ['United States', 'United States', 'United States'], 'currencies': ['USD', 'USD', 'USD']}"
117,"{'names': ['Puma Biotechnology Inc.', 'PUMA SE', 'PUMA SE'], 'symbols': ['PBYI', 'PUMSY', 'PMMAF'], 'regions': ['United States', 'United States', 'United States'], 'currencies': ['USD', 'USD', 'USD']}"
118,"{'names': ['Qantas Airways Limited', 'Qantas Airways Limited', 'Qantas Airways Limited'], 'symbols': ['QABSY', 'QUBSF', 'QAN.FRK'], 'regions': ['United States', 'United States', 'Frankfurt'], 'currencies': ['USD', 'USD', 'EUR']}"
119,"{'names': ['Rio Tinto Group', 'Riot Blockchain Inc.', 'RioCan Real Estate Investment Trust'], 'symbols': ['RIO', 'RIOT', 'RIOCF'], 'regions': ['United States', 'United States', 'United States'], 'currencies': ['USD', 'USD', 'USD']}"
120,"{'names': ['Roche Holding AG', 'Invesco Oppenheimer Rochester High Yield Municipal Fund Class A', 'Roche Holding AG'], 'symbols': ['RHHBY', 'ORNAX', 'RHHBF'], 'regions': ['United States', 'United States', 'United States'], 'currencies': ['USD', 'USD', 'USD']}"
121,"{'names': ['Rolls-Royce Holdings plc', 'Rolls-Royce Holdings plc', 'Rolls-Royce Holdings plc'], 'symbols': ['RLLCF', 'RYCEY', 'RYCEF'], 'regions': ['United States', 'United States', 'United States'], 'currencies': ['USD', 'USD', 'USD']}"
122,"{'names': ['ROYAL HOLDINGS Co. Ltd.', 'Royalty Pharma plc', 'Royal Caribbean Cruises Ltd.'], 'symbols': ['8179.TOK', 'RPRX', 'RCL'], 'regions': ['Tokyo', 'United States', 'United States'], 'currencies': ['JPY', 'USD', 'USD']}"
123,"{'names': ['Pacer Benchmark Retail Real Estate SCTR ETF', 'Rattler Midstream LP', 'Russell Investments Tax-Managed U.S. Large Cap Fund Class C'], 'symbols': ['RTL', 'RTLR', 'RTLCX'], 'regions': ['United States', 'United States', 'United States'], 'currencies': ['USD', 'USD', 'USD']}"
124,"{'names': ['RWE Aktiengesellschaft', 'Direxion MSCI Emerging Over Developed Markets ETF', 'RWE Aktiengesellschaft'], 'symbols': ['RWEOY', 'RWED', 'RWNFF'], 'regions': ['United States', 'United States', 'United States'], 'currencies': ['USD', 'USD', 'USD']}"
125,"{'names': ['Safran SA', 'Safran SA', 'Safran SA'], 'symbols': ['SAFRY', 'SAFRF', 'SAF.PAR'], 'regions': ['United States', 'United States', 'Paris'], 'currencies': ['USD', 'USD', 'EUR']}"
126,"{'names': ['Compagnie de Saint-Gobain S.A.', 'Compagnie de Saint-Gobain S.A.', 'Saint Jean Carbon Inc.'], 'symbols': ['CODYY', 'CODGF', 'TORVF'], 'regions': ['United States', 'United States', 'United States'], 'currencies': ['USD', 'USD', 'USD']}"
127,"{'names': ['SAP SE', 'Sapiens International Corporation N.V.', 'ClearBridge Appreciation Fund Class I'], 'symbols': ['SAP', 'SPNS', 'SAPYX'], 'regions': ['United States', 'United States', 'United States'], 'currencies': ['USD', 'USD', 'USD']}"
128,"{'names': ['Royal Dutch Shell plc', 'Royal Dutch Shell plc', 'Shell Midstream Partners, L.P.'], 'symbols': ['RDS-B', 'RDS-A', 'SHLX'], 'regions': ['United States', 'United States', 'United States'], 'currencies': ['USD', 'USD', 'USD']}"
129,"{'names': ['Siemens Aktiengesellschaft', 'Siemens Healthineers AG', 'Siemens Gamesa Renewable Energy, S.A.'], 'symbols': ['SIEGY', 'SMMNY', 'GCTAF'], 'regions': ['United States', 'United States', 'United States'], 'currencies': ['USD', 'USD', 'USD']}"
130,"{'names': ['LVMH Moet Hennessy - Louis Vuitton, Societe Europeenne', 'LVMH Moet Hennessy - Louis Vuitton, Societe Europeenne', 'Societe Generale Societe anonyme'], 'symbols': ['LVMUY', 'LVMHF', 'SCGLY'], 'regions': ['United States', 'United States', 'United States'], 'currencies': ['USD', 'USD', 'USD']}"
131,"{'names': ['Starbucks Corporation', 'Starbucks Corporation', 'Starbucks Corporation'], 'symbols': ['SBUX', 'SBUX.MEX', 'SBUB34.SAO'], 'regions': ['United States', 'Mexico', 'Brazil/Sao Paolo'], 'currencies': ['USD', 'MXP', 'BRL']}"
132,"{'names': ['Takeda Pharmaceutical Company Limited', 'Take-Two Interactive Software Inc.', 'Takeda Pharmaceutical Company Limited'], 'symbols': ['TAK', 'TTWO', 'TKPHF'], 'regions': ['United States', 'United States', 'United States'], 'currencies': ['USD', 'USD', 'USD']}"
133,"{'names': ['Target Corporation', 'Vanguard Target Retirement 2025 Fund Investor Shares', 'Vanguard Target Retirement 2020 Fund Investor Shares'], 'symbols': ['TGT', 'VTTVX', 'VTWNX'], 'regions': ['United States', 'United States', 'United States'], 'currencies': ['USD', 'USD', 'USD']}"
134,"{'names': ['Tesla Inc.', 'Tesla Exploration Ltd.', 'Tesla Inc.'], 'symbols': ['TSLA', 'TXLZF', 'TL0.FRK'], 'regions': ['United States', 'United States', 'Frankfurt'], 'currencies': ['USD', 'USD', 'EUR']}"
135,"{'names': ['Texas Instruments Incorporated', 'Texas Roadhouse Inc.', 'Texas Pacific Land Trust'], 'symbols': ['TXN', 'TXRH', 'TPL'], 'regions': ['United States', 'United States', 'United States'], 'currencies': ['USD', 'USD', 'USD']}"
136,"{'names': ['Keros Therapeutics Inc.', 'Calliditas Therapeutics AB (publ)', 'Repare Therapeutics Inc.'], 'symbols': ['KROS', 'CALT', 'RPTX'], 'regions': ['United States', 'United States', 'United States'], 'currencies': ['USD', 'USD', 'USD']}"
137,"{'names': ['TOTAL S.A.  EO 2,50', 'Vanguard Total Stock Market Index Fund ETF Shares', 'TOTAL S.A.'], 'symbols': ['TOTB.HAM', 'VTI', 'TOT'], 'regions': ['Hamburg', 'United States', 'United States'], 'currencies': ['EUR', 'USD', 'USD']}"
138,"{'names': ['TOTAL S.A.  EO 2,50', 'Vanguard Total Stock Market Index Fund ETF Shares', 'TOTAL S.A.'], 'symbols': ['TOTB.HAM', 'VTI', 'TOT'], 'regions': ['Hamburg', 'United States', 'United States'], 'currencies': ['EUR', 'USD', 'USD']}"
139,"{'names': ['Toyota Motor Corporation', 'Toyota Motor Corporation', 'Toyota Industries Corporation'], 'symbols': ['TM', 'TOYOF', 'TYIDF'], 'regions': ['United States', 'United States', 'United States'], 'currencies': ['USD', 'USD', 'USD']}"
140,"{'names': ['TUI AG', 'TUI AG', 'Toews Unconstrained Income Fund'], 'symbols': ['TUIFY', 'TUIFF', 'TUIFX'], 'regions': ['United States', 'United States', 'United States'], 'currencies': ['USD', 'USD', 'USD']}"
141,"{'names': ['Uber Technologies Inc.', 'Uber Technologies Inc.', 'UBER TECH.  DL-,00001'], 'symbols': ['UBER', 'UBER.MEX', 'UT8.DEX'], 'regions': ['United States', 'Mexico', 'XETRA'], 'currencies': ['USD', 'MXP', 'EUR']}"
142,"{'names': ['The Unilever Group', 'The Unilever Group', 'The Unilever Group'], 'symbols': ['UL', 'UN', 'UNLVF'], 'regions': ['United States', 'United States', 'United States'], 'currencies': ['USD', 'USD', 'USD']}"
143,"{'names': ['UNITED Inc.', 'United Airlines Holdings Inc.', 'United States Oil Fund, LP'], 'symbols': ['2497.TOK', 'UAL', 'USO'], 'regions': ['Tokyo', 'United States', 'United States'], 'currencies': ['JPY', 'USD', 'USD']}"
144,"{'names': ['United Parcel Service Inc.', 'FlexShares Morningstar Global Upstream Natural Resources Index Fund', 'United Parcel Service Inc.'], 'symbols': ['UPS', 'GUNR', 'UPSS34.SAO'], 'regions': ['United States', 'United States', 'Brazil/Sao Paolo'], 'currencies': ['USD', 'USD', 'BRL']}"
145,"{'names': ['Veolia Environnement S.A.', 'Veolia Environnement S.A.', 'Veolia Environnement S.A.'], 'symbols': ['VEOEY', 'VEOEF', 'VIE.PAR'], 'regions': ['United States', 'United States', 'Paris'], 'currencies': ['USD', 'USD', 'EUR']}"
146,"{'names': ['VINCI SA', 'VINCI SA', 'VINCI SA'], 'symbols': ['VCISY', 'VCISF', 'DG.PAR'], 'regions': ['United States', 'United States', 'Paris'], 'currencies': ['USD', 'USD', 'EUR']}"
147,"{'names': ['Virgin Galactic Holdings Inc.', 'Penn Virginia Corporation', 'Southern National Bancorp of Virginia Inc.'], 'symbols': ['SPCE', 'PVAC', 'SONA'], 'regions': ['United States', 'United States', 'United States'], 'currencies': ['USD', 'USD', 'USD']}"
148,"{'names': ['Volkswagen AG', 'Volkswagen AG', 'Volkswagen AG'], 'symbols': ['VWAGY', 'VLKAF', 'VWAPY'], 'regions': ['United States', 'United States', 'United States'], 'currencies': ['USD', 'USD', 'USD']}"
149,"{'names': ['Vonovia SE', 'Vonovia SE', 'Vonovia SE'], 'symbols': ['VNNVF', 'VONOY', 'VNA.DEX'], 'regions': ['United States', 'United States', 'XETRA'], 'currencies': ['USD', 'USD', 'EUR']}"
150,"{'names': ['Walmart Inc.', 'Walmart Inc.', 'Walmart Inc.'], 'symbols': ['WMT', 'WALM34.SAO', 'WMT.MEX'], 'regions': ['United States', 'Brazil/Sao Paolo', 'Mexico'], 'currencies': ['USD', 'BRL', 'MXP']}"
151,"{'names': ['The Walt Disney Company', 'DISNEY (WALT) CO.', 'The Walt Disney Company'], 'symbols': ['DIS', 'DIS.D', 'DISB34.SAO'], 'regions': ['United States', 'Dusseldorf', 'Brazil/Sao Paolo'], 'currencies': ['USD', 'EUR', 'BRL']}"
152,"{'names': ['Wirecard AG Inhaber-Aktien o.N.', 'Wirecard AG', 'Wirecard AG'], 'symbols': ['WDI.STG', 'WCAGY', 'WRCDF'], 'regions': ['Stuttgart', 'United States', 'United States'], 'currencies': ['EUR', 'USD', 'USD']}"
153,"{'names': ['Xylem Inc.', 'Xylem Inc. Registered Shares DL', 'XYLEM INC.  DL-,01'], 'symbols': ['XYL', 'XY6.STG', 'XY6.DEX'], 'regions': ['United States', 'Stuttgart', 'XETRA'], 'currencies': ['USD', 'EUR', 'EUR']}"
154,"{'names': ['Zalando SE', 'Zalando SE', 'Zalando SE'], 'symbols': ['ZLNDY', 'ZLDSF', 'ZAL.DEX'], 'regions': ['United States', 'United States', 'XETRA'], 'currencies': ['USD', 'USD', 'EUR']}"
155,"{'names': ['Zebra Technologies Corporation', 'American Beacon Zebra Small Cap Equity Fund Investor Class', 'American Beacon Zebra Small Cap Equity Fund R5 Class'], 'symbols': ['ZBRA', 'AZSPX', 'AZSIX'], 'regions': ['United States', 'United States', 'United States'], 'currencies': ['USD', 'USD', 'USD']}"
